candidate_id,name,party,municipality,uddannelse,bopael,alder,erhverv,sociale_medier,num_priorities,num_test_answers,url
7250,Pernille Rosenkrantz-Theil,A,Københavns Kommune,Bachelor-/diplomuddannelse,Brønshøj,,,"https://instagram.com/pernillerosenkrantztheil, https://www.facebook.com/pernillerosenkrantz/, https://twitter.com/RosenkrantzT",3,4,https://www.dr.dk/nyheder/politik/kommunalvalg/din-stemmeseddel/kandidater/kommune/7250-pernille-rosenkrantz-theil
6116,Andreas Keil,A,Københavns Kommune,Erhvervsuddannelse,København,,,,3,4,https://www.dr.dk/nyheder/politik/kommunalvalg/din-stemmeseddel/kandidater/kommune/6116-andreas-keil
6132,Laura Rosenvinge,A,Københavns Kommune,Kandidat-/masteruddannelse,København,,,"https://www.instagram.com/laurarosenvinge/, https://www.facebook.com/LauraRosenvinge",3,4,https://www.dr.dk/nyheder/politik/kommunalvalg/din-stemmeseddel/kandidater/kommune/6132-laura-rosenvinge
6125,Jakob Hougaard,A,Københavns Kommune,Kandidat-/masteruddannelse,Københavns Kommune,,,//facebook.com/jakob.hougaard,3,4,https://www.dr.dk/nyheder/politik/kommunalvalg/din-stemmeseddel/kandidater/kommune/6125-jakob-hougaard
6137,Maria Kornbek,A,Københavns Kommune,Kandidat-/masteruddannelse,Valby,,,"//instagram.com/mariakornbek/, //www.facebook.com/maria.kornbek/",2,4,https://www.dr.dk/nyheder/politik/kommunalvalg/din-stemmeseddel/kandidater/kommune/6137-maria-kornbek
6138,Mathias Niebuhr,A,Københavns Kommune,Gymnasial uddannelse,Valby,,,"https://www.instagram.com/mkniebuhr/, https://www.facebook.com/mathias.kringniebuhr/",3,4,https://www.dr.dk/nyheder/politik/kommunalvalg/din-stemmeseddel/kandidater/kommune/6138-mathias-niebuhr
6124,Helle Stolberg,A,Københavns Kommune,,,,,,5,4,https://www.dr.dk/nyheder/politik/kommunalvalg/din-stemmeseddel/kandidater/kommune/6124-helle-stolberg-pedersen
6140,Niels E. Bjerrum,A,Københavns Kommune,Kandidat-/masteruddannelse,København,,,"//www.instagram.com/nielse.bjerrum, //www.facebook.com/nielsebjerrum",3,4,https://www.dr.dk/nyheder/politik/kommunalvalg/din-stemmeseddel/kandidater/kommune/6140-niels-e-bjerrum
6143,Yildiz Akdogan,A,Københavns Kommune,Kandidat-/masteruddannelse,Nørrebro,,,"https://www.instagram.com/yildiz_akdogan/, https://www.facebook.com/YildizAkdoganS",3,4,https://www.dr.dk/nyheder/politik/kommunalvalg/din-stemmeseddel/kandidater/kommune/6143-yildiz-akdogan
6131,Lars Aslan Rasmussen,A,Københavns Kommune,Seminaruddannelse,København,,,"https://www.instagram.com/lars_aslan?igsh=MWs5dnlqZnFhNm05bg%3D%3D&utm_source=qr, // https://m.facebook.com/LarsAslanRasmussen/?ref=bookmarks",3,4,https://www.dr.dk/nyheder/politik/kommunalvalg/din-stemmeseddel/kandidater/kommune/6131-lars-aslan-rasmussen
6139,Mette Reissmann,A,Københavns Kommune,Kandidat-/masteruddannelse,København,,,"https://instagram.com/mettereissmann , // https://www.facebook.com/mettereissmann/",3,4,https://www.dr.dk/nyheder/politik/kommunalvalg/din-stemmeseddel/kandidater/kommune/6139-mette-reissmann
6126,Jakob Thiemann,A,Københavns Kommune,Kandidat-/masteruddannelse,,,,,3,4,https://www.dr.dk/nyheder/politik/kommunalvalg/din-stemmeseddel/kandidater/kommune/6126-jakob-thiemann
6121,Emilla Møller,A,Københavns Kommune,Kandidat-/masteruddannelse,København,,,"https://www.instagram.com/emillamoller/, https://www.facebook.com/profile.php?id=61569398828976",3,4,https://www.dr.dk/nyheder/politik/kommunalvalg/din-stemmeseddel/kandidater/kommune/6121-emilla-moeller-petersen
6128,Jonas Manthey Olsen,A,Københavns Kommune,Kandidat-/masteruddannelse,København Ø,,,"https://www.instagram.com/jonasmantheyolsen/, https://www.facebook.com/jonasmantheyolsen/",3,4,https://www.dr.dk/nyheder/politik/kommunalvalg/din-stemmeseddel/kandidater/kommune/6128-jonas-manthey-olsen
6136,Maria Gudme,A,Københavns Kommune,Bachelor-/diplomuddannelse,København,,,https://www.instagram.com/mariagudme/?hl=da,1,4,https://www.dr.dk/nyheder/politik/kommunalvalg/din-stemmeseddel/kandidater/kommune/6136-maria-gudme
6127,Jens Fisker Carlsbæk,A,Københavns Kommune,Kandidat-/masteruddannelse,Ryesgade - 2100 København Ø,,,"https://www.instagram.com/jenscarlsbaek/, https://www.facebook.com/jens.fisker.carlsbaek",3,4,https://www.dr.dk/nyheder/politik/kommunalvalg/din-stemmeseddel/kandidater/kommune/6127-jens-fisker-carlsbaek
6122,Gitte Kristensen,A,Københavns Kommune,Kandidat-/masteruddannelse,København,,,"//www.instagram.com/gitte.sund.ku, //facebook.com/gitte.gk.16",3,4,https://www.dr.dk/nyheder/politik/kommunalvalg/din-stemmeseddel/kandidater/kommune/6122-gitte-kristensen
6142,Stig Ekman,A,Københavns Kommune,Gymnasial uddannelse,bispebjerg,,,"https://www.instagram.com/stig.ekman/, https://www.facebook.com/stig.ekman",3,4,https://www.dr.dk/nyheder/politik/kommunalvalg/din-stemmeseddel/kandidater/kommune/6142-stig-ekman
6119,Edith Chenga Chamwi,A,Københavns Kommune,Kandidat-/masteruddannelse,,,,"//www.instagram.com/edith.chamwi/, //www.facebook.com/edith.chamwi/, //www.twitter.com/edith.chamwi/",3,4,https://www.dr.dk/nyheder/politik/kommunalvalg/din-stemmeseddel/kandidater/kommune/6119-edith-chenga-chamwi
6129,Kasper Stisen,A,Københavns Kommune,Kandidat-/masteruddannelse,København S,,,"https://www.instagram.com/kasperstisen/, https://www.facebook.com/stisen.kasper",3,4,https://www.dr.dk/nyheder/politik/kommunalvalg/din-stemmeseddel/kandidater/kommune/6129-kasper-stisen
6118,Christoffer Rosenkrands,A,Københavns Kommune,Erhvervsuddannelse,Brønshøj,,,https://www.facebook.com/Christoffer.Socialdemokrat/,3,4,https://www.dr.dk/nyheder/politik/kommunalvalg/din-stemmeseddel/kandidater/kommune/6118-christoffer-rosenkrands
6133,Lauritz Ziethen,A,Københavns Kommune,Bachelor-/diplomuddannelse,København,,,"https://www.instagram.com/lauritzziethen/, https://www.facebook.com/LauritzZiethen/",3,4,https://www.dr.dk/nyheder/politik/kommunalvalg/din-stemmeseddel/kandidater/kommune/6133-lauritz-ziethen
6120,Emery Karatasi,A,Københavns Kommune,Bachelor-/diplomuddannelse,København,,,https://www.facebook.com/profile.php?id=61557546598379,3,4,https://www.dr.dk/nyheder/politik/kommunalvalg/din-stemmeseddel/kandidater/kommune/6120-emery-rumbete-karatasi
6117,Asbjørn Reissmann,A,Københavns Kommune,Kandidat-/masteruddannelse,København,,,"https://www.instagram.com/asbjornreissmann/, https://www.facebook.com/AsbjornReissmann/",3,4,https://www.dr.dk/nyheder/politik/kommunalvalg/din-stemmeseddel/kandidater/kommune/6117-asbjoern-reissmann
6123,Hari Neupane,A,Københavns Kommune,Kandidat-/masteruddannelse,Lejebolig,,,"https://www.facebook.com/hariprasad.neupane, https://www.linkedin.com/in/hari-neupane-72787713/",3,4,https://www.dr.dk/nyheder/politik/kommunalvalg/din-stemmeseddel/kandidater/kommune/6123-hari-prasade-neupane
6135,Mads S. B. Pedersen,A,Københavns Kommune,Kandidat-/masteruddannelse,Valby,,,"//www.instagram.com/madssbpedersen, //www.facebook.com/madssbpedersen",3,4,https://www.dr.dk/nyheder/politik/kommunalvalg/din-stemmeseddel/kandidater/kommune/6135-mads-s-b-pedersen
6130,Kim Christensen,A,Københavns Kommune,,,,,,5,0,https://www.dr.dk/nyheder/politik/kommunalvalg/din-stemmeseddel/kandidater/kommune/6130-kim-christensen
6141,Rasmus Toftholm,A,Københavns Kommune,,København,,,,3,4,https://www.dr.dk/nyheder/politik/kommunalvalg/din-stemmeseddel/kandidater/kommune/6141-rasmus-toftholm
6134,Line Kjær Christensen,A,Københavns Kommune,Bachelor-/diplomuddannelse,Brønshøj,,,,7,4,https://www.dr.dk/nyheder/politik/kommunalvalg/din-stemmeseddel/kandidater/kommune/6134-line-kjaer-christensen
8337,Ulla Krag,A,Københavns Kommune,Kandidat-/masteruddannelse,København Ø,,,"//instagram.com/ulla_krag , //facebook.com/ulla.krag.5/",3,4,https://www.dr.dk/nyheder/politik/kommunalvalg/din-stemmeseddel/kandidater/kommune/8337-ulla-krag
2035,Christopher Røhl,B,Københavns Kommune,Ph.d.-uddannelse,København,,,"https://www.instagram.com/RohlChristopher/ , https://www.facebook.com/RohlChristopher/ ",3,4,https://www.dr.dk/nyheder/politik/kommunalvalg/din-stemmeseddel/kandidater/kommune/2035-christopher-roehl-andersen
2029,Kristine Ammitzbøll-Bille,B,Københavns Kommune,Kandidat-/masteruddannelse,København,,,"https://www.instagram.com/ammitzboellbille/?hl=da, https://www.facebook.com/kristineammitzboellbille",3,4,https://www.dr.dk/nyheder/politik/kommunalvalg/din-stemmeseddel/kandidater/kommune/2029-kristine-ammitzboell-bille
2026,Jakob Skyggebjerg,B,Københavns Kommune,Kandidat-/masteruddannelse,København S.,,,"https://www.instagram.com/jakobskygge/, https://www.facebook.com/JakobSkygge, https://twitter.com/JakobSkygge",3,4,https://www.dr.dk/nyheder/politik/kommunalvalg/din-stemmeseddel/kandidater/kommune/2026-jakob-kjaer
2034,Thomas Markmann,B,Københavns Kommune,Bachelor-/diplomuddannelse,Husum / København,,,"https://www.instagram.com/markmann.thomas/, https://www.facebook.com/profile.php?id=100093428103085",3,4,https://www.dr.dk/nyheder/politik/kommunalvalg/din-stemmeseddel/kandidater/kommune/2034-thomas-markmann
2024,Emil Moselund,B,Københavns Kommune,Kandidat-/masteruddannelse,København,,,"https://www.instagram.com/emilmoselund/, https://web.facebook.com/EmilMoselundOestergaard",3,4,https://www.dr.dk/nyheder/politik/kommunalvalg/din-stemmeseddel/kandidater/kommune/2024-emil-moselund-oestergaard
2027,Kashif Ahmad,B,Københavns Kommune,Seminaruddannelse,Valby,,,"https://www.instagram.com/kashifahmaddk/, https://www.facebook.com/KashifAhmadDK/",3,4,https://www.dr.dk/nyheder/politik/kommunalvalg/din-stemmeseddel/kandidater/kommune/2027-kashif-ahmad
2023,Dan Kreutzfeldt,B,Københavns Kommune,Erhvervsuddannelse,København NV,,,"//www.instagram.com/dankreutzfeldt, //www.facebook.com/KreutzfeldtDan",3,4,https://www.dr.dk/nyheder/politik/kommunalvalg/din-stemmeseddel/kandidater/kommune/2023-dan-kreutzfeldt
2025,Frederikke Alban,B,Københavns Kommune,Bachelor-/diplomuddannelse,København,,,"https://www.instagram.com/frederikke_alban/, https://www.facebook.com/profile.php?id=61569909800056",3,4,https://www.dr.dk/nyheder/politik/kommunalvalg/din-stemmeseddel/kandidater/kommune/2025-frederikke-alban
2028,Kim Mandix,B,Københavns Kommune,Ph.d.-uddannelse,København S,,,"https://www.instagram.com/kim.mandix/, https://www.facebook.com/MandixKim",3,4,https://www.dr.dk/nyheder/politik/kommunalvalg/din-stemmeseddel/kandidater/kommune/2028-kim-mandix
2033,Susanne Wad Leth,B,Københavns Kommune,Kandidat-/masteruddannelse,København,,,//www.facebook.com/SusanneWadLethpolitiker,3,4,https://www.dr.dk/nyheder/politik/kommunalvalg/din-stemmeseddel/kandidater/kommune/2033-susanne-wad-leth
2022,Alina Protsyk,B,Københavns Kommune,Bachelor-/diplomuddannelse,København,,,"https://www.instagram.com/alinaprotsyk/, https://www.facebook.com/ProtsykAlina",3,4,https://www.dr.dk/nyheder/politik/kommunalvalg/din-stemmeseddel/kandidater/kommune/2022-alina-protsyk
2032,Martin Schepelern,B,Københavns Kommune,Erhvervsuddannelse,København,,,https://www.linkedin.com/in/martin-schepelern-03aaaa5/,3,4,https://www.dr.dk/nyheder/politik/kommunalvalg/din-stemmeseddel/kandidater/kommune/2032-martin-schepelern
2030,Lartey Lawson,B,Københavns Kommune,Ph.d.-uddannelse,København Ø,,,https://www.facebook.com/larteylawsondk,3,4,https://www.dr.dk/nyheder/politik/kommunalvalg/din-stemmeseddel/kandidater/kommune/2030-lartey-lawson
5376,Sara Julie Sørensen,B,Københavns Kommune,Bachelor-/diplomuddannelse,København S,,,https://www.instagram.com/sarajsorensen/,3,4,https://www.dr.dk/nyheder/politik/kommunalvalg/din-stemmeseddel/kandidater/kommune/5376-sara-julie-soerensen
8248,Allan Nyhus,B,Københavns Kommune,Kandidat-/masteruddannelse,København SV,,,"https://www.instagram.com/allannyhus/, https://www.facebook.com/eksperten, https://www.x.com/AllanNyhus",3,4,https://www.dr.dk/nyheder/politik/kommunalvalg/din-stemmeseddel/kandidater/kommune/8248-allan-nyhus
7784,Kristina Westerberg Thomsen,B,Københavns Kommune,Kandidat-/masteruddannelse,København S,,,"https://www.instagram.com/kristinawthomsen/, https://www.facebook.com/kristina.thomsen.5?locale=da_DK, https://www.linkedin.com/in/kristina-westerberg-thomsen-b16687125/",3,4,https://www.dr.dk/nyheder/politik/kommunalvalg/din-stemmeseddel/kandidater/kommune/7784-kristina-westerberg-thomsen
929,Jakob Næsager,C,Københavns Kommune,Kandidat-/masteruddannelse,København SV,,,"https://www.instagram.com/borgmesterjakobnaesager/, https://www.facebook.com/Jakob.naesager.politiker/",3,4,https://www.dr.dk/nyheder/politik/kommunalvalg/din-stemmeseddel/kandidater/kommune/929-jakob-naesager
945,Mathilde Kastbjerg,C,Københavns Kommune,Bachelor-/diplomuddannelse,København,,,"https://www.instagram.com/mathildekastbjerg.kbh/, https://www.facebook.com/mathildekastbjerg.kbh/",3,4,https://www.dr.dk/nyheder/politik/kommunalvalg/din-stemmeseddel/kandidater/kommune/945-mathilde-kastbjerg
950,Morten Melchiors,C,Københavns Kommune,Kandidat-/masteruddannelse,København - Valby,,,"https://www.instagram.com/morten_melchiors_kbh, https://www.facebook.com/kandidatMortenMelchiors",3,4,https://www.dr.dk/nyheder/politik/kommunalvalg/din-stemmeseddel/kandidater/kommune/950-morten-melchiors
955,Niels Peder Ravn,C,Københavns Kommune,Erhvervsuddannelse,København,,,"https://www.instagram.com/niels_peder_ravn/, https://www.facebook.com/NielsPederRavn.DetKonservativeFolkeparti, https://www.twitter.com/npravn",3,4,https://www.dr.dk/nyheder/politik/kommunalvalg/din-stemmeseddel/kandidater/kommune/955-niels-peder-a-d-b-v-o-ravn
938,Line Ervolder,C,Københavns Kommune,Kandidat-/masteruddannelse,København,,,"https://www.instagram.com/lineervolder, https://www.facebook.com/line.e.christensen.5",3,4,https://www.dr.dk/nyheder/politik/kommunalvalg/din-stemmeseddel/kandidater/kommune/938-line-ervolder
949,Sigurd Hebo Lønholdt,C,Københavns Kommune,Bachelor-/diplomuddannelse,København,,,"https://www.instagram.com/sigurd_hebo/, https://www.facebook.com/SigurdHeboLoenholdt",3,4,https://www.dr.dk/nyheder/politik/kommunalvalg/din-stemmeseddel/kandidater/kommune/949-sigurd-loenholdt
933,Helle Bonnesen,C,Københavns Kommune,Kandidat-/masteruddannelse,København Ø,,,"https://www.instagram.com/hellebonnesen, https://www.facebook.com/helle.bonnesen.3",3,4,https://www.dr.dk/nyheder/politik/kommunalvalg/din-stemmeseddel/kandidater/kommune/933-helle-bonnesen
934,Ole Normann Buch,C,Københavns Kommune,,København,,,https://www.facebook.com/Olenormannbuch,3,4,https://www.dr.dk/nyheder/politik/kommunalvalg/din-stemmeseddel/kandidater/kommune/934-ole-normann-buch
952,Casper Øhlers,C,Københavns Kommune,Kandidat-/masteruddannelse,Valby,,,"https://www.instagram.com/casperohlers/?hl=en, https://www.facebook.com/casperohlers/?locale=da_DK",3,4,https://www.dr.dk/nyheder/politik/kommunalvalg/din-stemmeseddel/kandidater/kommune/952-casper-oehlers
954,Andreas Petersen,C,Københavns Kommune,Kandidat-/masteruddannelse,København,,,"https://www.instagram.com/andreas.petersen.kandidat2025, https://www.facebook.com/andreas.petersen.963/",3,4,https://www.dr.dk/nyheder/politik/kommunalvalg/din-stemmeseddel/kandidater/kommune/954-andreas-petersen
948,Anders Løve Kyhl,C,Københavns Kommune,Kandidat-/masteruddannelse,København,,,"https://www.instagram.com/anders_loeve_kyhl_konservative/, https://www.facebook.com/AndersKonservativ",3,4,https://www.dr.dk/nyheder/politik/kommunalvalg/din-stemmeseddel/kandidater/kommune/948-anders-loeve-kyhl
7937,David Grolin Kristensen,C,Københavns Kommune,Kandidat-/masteruddannelse,Husum,,,,3,4,https://www.dr.dk/nyheder/politik/kommunalvalg/din-stemmeseddel/kandidater/kommune/7937-david-grolin-kristensen
958,Jens Wedenborg,C,Københavns Kommune,Kandidat-/masteruddannelse,Vanløse,,,"https://www.instagram.com/wedenborg/, https://www.facebook.com/jens.wedenborg, https://www.twitter.com/wedenborg",3,4,https://www.dr.dk/nyheder/politik/kommunalvalg/din-stemmeseddel/kandidater/kommune/958-jens-wedenborg
932,Rasmus Bjergegaard,C,Københavns Kommune,Kandidat-/masteruddannelse,København,,,,3,4,https://www.dr.dk/nyheder/politik/kommunalvalg/din-stemmeseddel/kandidater/kommune/932-rasmus-bjergegaard
936,Dagmar Damm,C,Københavns Kommune,Gymnasial uddannelse,Østerbro,,,,3,4,https://www.dr.dk/nyheder/politik/kommunalvalg/din-stemmeseddel/kandidater/kommune/936-dagmar-elisabeth-damm-elfelt
930,Lasse Vogel Andersen,C,Københavns Kommune,Bachelor-/diplomuddannelse,København,,,"//www.instagram.com/lassevogel/, //www.facebook.com/lassevogelandersen/",3,4,https://www.dr.dk/nyheder/politik/kommunalvalg/din-stemmeseddel/kandidater/kommune/930-lasse-vogel-andersen
935,Ida Busk,C,Københavns Kommune,Erhvervsuddannelse,København NV,,,"https://www.instagram.com/buzg, https://www.facebook.com/BuskIda, https://www.twitter.com/buzg",3,4,https://www.dr.dk/nyheder/politik/kommunalvalg/din-stemmeseddel/kandidater/kommune/935-ida-busk
953,Dan Pedersen,C,Københavns Kommune,Erhvervsuddannelse,Købehavn Østerbro,,,,3,4,https://www.dr.dk/nyheder/politik/kommunalvalg/din-stemmeseddel/kandidater/kommune/953-dan-pedersen
939,Helene Fagerhøj,C,Københavns Kommune,Kandidat-/masteruddannelse,København,,,"https://www.instagram.com/helene_fagerhoj/, https://www.facebook.com/helenefagerhoej/",3,4,https://www.dr.dk/nyheder/politik/kommunalvalg/din-stemmeseddel/kandidater/kommune/939-helene-fagerhoej
931,Peter Bisgaard,C,Københavns Kommune,Kandidat-/masteruddannelse,Christianshavn,,,,2,4,https://www.dr.dk/nyheder/politik/kommunalvalg/din-stemmeseddel/kandidater/kommune/931-peter-bisgaard
946,Pia Kolind Nielsen,C,Københavns Kommune,Bachelor-/diplomuddannelse,Valby,,,,5,4,https://www.dr.dk/nyheder/politik/kommunalvalg/din-stemmeseddel/kandidater/kommune/946-pia-kolind-nielsen
941,Christian Hesselberg,C,Københavns Kommune,Bachelor-/diplomuddannelse,Brønshaøj-Husum,,,https://www.facebook.com/chesselberg.dk,3,4,https://www.dr.dk/nyheder/politik/kommunalvalg/din-stemmeseddel/kandidater/kommune/941-christian-hesselberg
944,Henning Schøneberg Kastbjerg,C,Københavns Kommune,,København Ø,,,,3,4,https://www.dr.dk/nyheder/politik/kommunalvalg/din-stemmeseddel/kandidater/kommune/944-henning-kastbjerg
947,Kirsten Bjerregaard Kristiansen,C,Københavns Kommune,Kandidat-/masteruddannelse,København S,,,,3,4,https://www.dr.dk/nyheder/politik/kommunalvalg/din-stemmeseddel/kandidater/kommune/947-kirsten-bjerregaard-kristiansen
956,Thor Lykke Sørensen,C,Københavns Kommune,Kandidat-/masteruddannelse,København K,,,,2,4,https://www.dr.dk/nyheder/politik/kommunalvalg/din-stemmeseddel/kandidater/kommune/956-thor-lykke-soerensen
942,Tim Hvolgaard,C,Københavns Kommune,,København K,,,,3,4,https://www.dr.dk/nyheder/politik/kommunalvalg/din-stemmeseddel/kandidater/kommune/942-tim-hvolgaard
940,Chris Hvid Hansen,C,Københavns Kommune,Bachelor-/diplomuddannelse,København S,,,https://www.facebook.com/chrishvidhansen.politiker,3,4,https://www.dr.dk/nyheder/politik/kommunalvalg/din-stemmeseddel/kandidater/kommune/940-chris-hvid-hansen
957,Nikolai Ellegaard Sørensen,C,Københavns Kommune,Gymnasial uddannelse,København Ø,,,,3,4,https://www.dr.dk/nyheder/politik/kommunalvalg/din-stemmeseddel/kandidater/kommune/957-nikolai-ellegaard-soerensen
943,Cecilie Iwang,C,Københavns Kommune,Bachelor-/diplomuddannelse,KØBENHAVN SV,,,"https://www.instagram.com/cecilie_iwang/, https://www.facebook.com/lille.cille.9/?locale=da_DK",3,4,https://www.dr.dk/nyheder/politik/kommunalvalg/din-stemmeseddel/kandidater/kommune/943-cecilie-iwang
951,Susanne Møller,C,Københavns Kommune,Bachelor-/diplomuddannelse,København S,,,,3,4,https://www.dr.dk/nyheder/politik/kommunalvalg/din-stemmeseddel/kandidater/kommune/951-susanne-moeller
8717,Anahita Malakians,D,Københavns Kommune,Bachelor-/diplomuddannelse,København,,,"https://www.instagram.com/anahitamalakians/, https://www.facebook.com/anahita.malakians",3,4,https://www.dr.dk/nyheder/politik/kommunalvalg/din-stemmeseddel/kandidater/kommune/8717-anahita-malakians
9422,Karl Villemoes,E,Københavns Kommune,,,,,,5,0,https://www.dr.dk/nyheder/politik/kommunalvalg/din-stemmeseddel/kandidater/kommune/9422-karl-villemoes
4863,Sisse Marie Welling,F,Københavns Kommune,Kandidat-/masteruddannelse,"Amager, København",,,"https://www.instagram.com/sissemariewelling/, https://www.facebook.com/sissemariewelling",3,4,https://www.dr.dk/nyheder/politik/kommunalvalg/din-stemmeseddel/kandidater/kommune/4863-sisse-marie-berendt-welling
4864,Astrid Aller,F,Københavns Kommune,Kandidat-/masteruddannelse,Nordvest,,,"https://www.instagram.com/astridaller_sf/, https://www.facebook.com/Astrid.Aller",3,4,https://www.dr.dk/nyheder/politik/kommunalvalg/din-stemmeseddel/kandidater/kommune/4864-astrid-aller
4865,Rasmus Steenberger,F,Københavns Kommune,Kandidat-/masteruddannelse,København,,,"https://www.instagram.com/rasmussteenberger/, https://facebook.com/SteenbergerSF",3,4,https://www.dr.dk/nyheder/politik/kommunalvalg/din-stemmeseddel/kandidater/kommune/4865-rasmus-steenberger
4866,Klaus Mygind,F,Københavns Kommune,Seminaruddannelse,"Islands Brygge, Københavns kommune",,,https://www.facebook.com/klaus.mygind.1,3,4,https://www.dr.dk/nyheder/politik/kommunalvalg/din-stemmeseddel/kandidater/kommune/4866-klaus-mygind
4867,Sonja Agerbæk,F,Københavns Kommune,Bachelor-/diplomuddannelse,,,,"https://www.instagram.com/sonjaagerbaek/, https://www.facebook.com/profile.php?id=61574015124774",3,4,https://www.dr.dk/nyheder/politik/kommunalvalg/din-stemmeseddel/kandidater/kommune/4867-sonja-agerbaek-petersen
4868,Christian Ingemann,F,Københavns Kommune,Erhvervsuddannelse,Islands brygge,,,"https://www.instagram.com/christian.ingemann/, https://www.facebook.com/Stem.Ingemann",3,4,https://www.dr.dk/nyheder/politik/kommunalvalg/din-stemmeseddel/kandidater/kommune/4868-christian-ingemann
4869,Mads Balslev Hansen,F,Københavns Kommune,Kandidat-/masteruddannelse,Vanløse,,,"https://www.instagram.com/madsbalslevhansensf/, https://www.facebook.com/profile.php?id=100064193827364",2,4,https://www.dr.dk/nyheder/politik/kommunalvalg/din-stemmeseddel/kandidater/kommune/4869-mads-balslev-hansen
4870,Maria Frej,F,Københavns Kommune,Kandidat-/masteruddannelse,Valby,,,https://www.facebook.com/sfvalby/,3,4,https://www.dr.dk/nyheder/politik/kommunalvalg/din-stemmeseddel/kandidater/kommune/4870-maria-johanna-frej
4871,Yilmaz Yildiz,F,Københavns Kommune,Kandidat-/masteruddannelse,Tingbjerg/Brønshøj,,,"https://www.instagram.com/yilmaz.yildiz1973/, https://www.facebook.com/Yilmaz.Yildiz.SF.Kandidat.BR/ - https://www.facebook.com/roniwelat/",3,4,https://www.dr.dk/nyheder/politik/kommunalvalg/din-stemmeseddel/kandidater/kommune/4871-yilmaz-yildiz
4872,Mads Hvid,F,Københavns Kommune,Bachelor-/diplomuddannelse,København,,,"https://www.instagram.com/m.hvid/?hl=en, https://www.facebook.com/profile.php?id=61553545566293",3,4,https://www.dr.dk/nyheder/politik/kommunalvalg/din-stemmeseddel/kandidater/kommune/4872-mads-hvid
4873,Irina Frost,F,Københavns Kommune,Bachelor-/diplomuddannelse,,,,,5,4,https://www.dr.dk/nyheder/politik/kommunalvalg/din-stemmeseddel/kandidater/kommune/4873-irina-frost
4874,Mads Mikkel Dragholt,F,Københavns Kommune,,København N,,,"https://www.instagram.com/madsmikkeldragholt/, https://www.facebook.com/DragholtMads?locale=da_DK",3,4,https://www.dr.dk/nyheder/politik/kommunalvalg/din-stemmeseddel/kandidater/kommune/4874-mads-mikkel-dragholt
4875,Joakim Lindahl,F,Københavns Kommune,Erhvervsuddannelse,"Brønshøj, København",,,"https://www.instagram.com/joakimlindhl/, https://www.facebook.com/joakimlindahlSF",3,4,https://www.dr.dk/nyheder/politik/kommunalvalg/din-stemmeseddel/kandidater/kommune/4875-joakim-lindahl
4876,Thomas Warburg,F,Københavns Kommune,Kandidat-/masteruddannelse,København,,,"https://www.instagram.com/twafoto/, https://www.facebook.com/thwarburg/",3,4,https://www.dr.dk/nyheder/politik/kommunalvalg/din-stemmeseddel/kandidater/kommune/4876-thomas-warburg
4877,Marie Blønd,F,Københavns Kommune,Kandidat-/masteruddannelse,København,,,"https://www.instagram.com/instamarieblond/, https://www.facebook.com/mariekv25",3,4,https://www.dr.dk/nyheder/politik/kommunalvalg/din-stemmeseddel/kandidater/kommune/4877-marie-bloend
4878,Lone Kathrine Pedersen,F,Københavns Kommune,Kandidat-/masteruddannelse,København SV,,,https://facebook.com/lone kathrine ,2,4,https://www.dr.dk/nyheder/politik/kommunalvalg/din-stemmeseddel/kandidater/kommune/4878-lone-kathrine-pedersen
4879,Rune Palm,F,Københavns Kommune,Kandidat-/masteruddannelse,København,,,"http://instagram.com/runepalm_sf, https://www.facebook.com/rune.s.palm, https://www.linkedin.com/in/runepalm/",3,4,https://www.dr.dk/nyheder/politik/kommunalvalg/din-stemmeseddel/kandidater/kommune/4879-rune-palm
4880,Ida Theodora Wolf Berendsen,F,Københavns Kommune,Kandidat-/masteruddannelse,Brønshøj,,,"https://www.instagram.com/jord.form/, https://www.facebook.com/profile.php?id=61572779633081",3,4,https://www.dr.dk/nyheder/politik/kommunalvalg/din-stemmeseddel/kandidater/kommune/4880-ida-berendsen
4881,Tobias Zimling,F,Københavns Kommune,Kandidat-/masteruddannelse,København S,,,https://facebook.com/tobiaszimling,3,4,https://www.dr.dk/nyheder/politik/kommunalvalg/din-stemmeseddel/kandidater/kommune/4881-tobias-zimling-kristiansen
4882,Morten Bering,F,Københavns Kommune,,,,,,5,4,https://www.dr.dk/nyheder/politik/kommunalvalg/din-stemmeseddel/kandidater/kommune/4882-morten-bering
4883,Peder Holk Svendsen,F,Københavns Kommune,Kandidat-/masteruddannelse,Nørrebro,,,"https://www.instagram.com/pedersvendsen/, https://www.facebook.com/peder.h.svendsen",2,4,https://www.dr.dk/nyheder/politik/kommunalvalg/din-stemmeseddel/kandidater/kommune/4883-peder-holk-svendsen
4884,Birgitte Langballe,F,Københavns Kommune,,,,,,5,0,https://www.dr.dk/nyheder/politik/kommunalvalg/din-stemmeseddel/kandidater/kommune/4884-birgitte-langballe
4885,Hellen Hedemann,F,Københavns Kommune,,,,,,5,4,https://www.dr.dk/nyheder/politik/kommunalvalg/din-stemmeseddel/kandidater/kommune/4885-hellen-hedemann
4886,Karoline Vind,F,Københavns Kommune,Bachelor-/diplomuddannelse,København NV,,,,3,4,https://www.dr.dk/nyheder/politik/kommunalvalg/din-stemmeseddel/kandidater/kommune/4886-karoline-vind
4887,Benjamin Friis,F,Københavns Kommune,Kandidat-/masteruddannelse,Valby,,,https://www.facebook.com/benjamin.m.friis/,2,4,https://www.dr.dk/nyheder/politik/kommunalvalg/din-stemmeseddel/kandidater/kommune/4887-benjamin-friis
3861,Alexander Ryle,I,Københavns Kommune,Kandidat-/masteruddannelse,københavn,,,"https://www.instagram.com/alexanderryle/, https://www.facebook.com/alexanderryle/",3,4,https://www.dr.dk/nyheder/politik/kommunalvalg/din-stemmeseddel/kandidater/kommune/3861-alexander-ryle
3862,Signe Bøgevald,I,Københavns Kommune,Kandidat-/masteruddannelse,København,,,"https://www.instagram.com/signeboegevald/, https://www.facebook.com/hansenbsigne/",3,4,https://www.dr.dk/nyheder/politik/kommunalvalg/din-stemmeseddel/kandidater/kommune/3862-signe-boegevald-hansen
3863,Joanne Bywater,I,Københavns Kommune,Kandidat-/masteruddannelse,København,,,"https://www.instagram.com/joannebywater_la?igsh=OWMyNGI4bnFncnF2&utm_source=qr, https://www.facebook.com/share/18z8neiLeh/?mibextid=wwXIfr",3,4,https://www.dr.dk/nyheder/politik/kommunalvalg/din-stemmeseddel/kandidater/kommune/3863-joanne-bywater
3864,Oscar Ferraro,I,Københavns Kommune,Gymnasial uddannelse,"København, på Nørrebro",,,"https://www.instagram.com/oscar__ferraro/, https://www.facebook.com/oscar.ferraro.10/",3,4,https://www.dr.dk/nyheder/politik/kommunalvalg/din-stemmeseddel/kandidater/kommune/3864-oscar-ferraro
3865,Charlotte Frejlev,I,Københavns Kommune,Kandidat-/masteruddannelse,Københavns Kommune,,,"https://www.instagram.com/charlottefrejlev/, https://www.facebook.com/charlottefrejlevandersen/",3,4,https://www.dr.dk/nyheder/politik/kommunalvalg/din-stemmeseddel/kandidater/kommune/3865-charlotte-frejlev-andersen
3866,Lasse Mandal,I,Københavns Kommune,Bachelor-/diplomuddannelse,2300 København S,,,"https://www.instagram.com/lassemandal, https://www.facebook.com/mandal, https://twitter.com/LAsseMandal",3,4,https://www.dr.dk/nyheder/politik/kommunalvalg/din-stemmeseddel/kandidater/kommune/3866-lasse-mandal
3867,John Michael Jensen,I,Københavns Kommune,Erhvervsuddannelse,København,,,,3,4,https://www.dr.dk/nyheder/politik/kommunalvalg/din-stemmeseddel/kandidater/kommune/3867-john-michael-jensen
3868,Michele Fejø,I,Københavns Kommune,Kandidat-/masteruddannelse,København,,,,3,4,https://www.dr.dk/nyheder/politik/kommunalvalg/din-stemmeseddel/kandidater/kommune/3868-michele-fejoe
3869,Carsten Abildtrup Ranum,I,Københavns Kommune,Bachelor-/diplomuddannelse,København SV,,,https://www.facebook.com/profile.php?id=61576667067819,3,4,https://www.dr.dk/nyheder/politik/kommunalvalg/din-stemmeseddel/kandidater/kommune/3869-carsten-abildtrup-ranum
3871,Jens Kier,I,Københavns Kommune,Kandidat-/masteruddannelse,København S,,,"https://www.facebook.com/jens.kier, https://www.linkedin.com/in/jenskier/",3,4,https://www.dr.dk/nyheder/politik/kommunalvalg/din-stemmeseddel/kandidater/kommune/3871-jens-kier
3872,Laura Emilie Fabricius-Lauritzen,I,Københavns Kommune,Kandidat-/masteruddannelse,København,,,https://www.instagram.com/liberale_laura/,3,4,https://www.dr.dk/nyheder/politik/kommunalvalg/din-stemmeseddel/kandidater/kommune/3872-laura-emilie-fabricius-lauritzen
7416,Torben Guldbæk,I,Københavns Kommune,Erhvervsuddannelse,København S,,,https://www.facebook.com/torben.guldbaek.jensen,2,4,https://www.dr.dk/nyheder/politik/kommunalvalg/din-stemmeseddel/kandidater/kommune/7416-torben-guldbaek
7415,Thomas Hovard,I,Københavns Kommune,Kandidat-/masteruddannelse,København,,,https://www.facebook.com/profile.php?id=61568178636570,3,4,https://www.dr.dk/nyheder/politik/kommunalvalg/din-stemmeseddel/kandidater/kommune/7415-thomas-hovard
9424,Karen West,I,Københavns Kommune,,,,,,5,0,https://www.dr.dk/nyheder/politik/kommunalvalg/din-stemmeseddel/kandidater/kommune/9424-karen-west
9425,Christian Erdmann,I,Københavns Kommune,,,,,,5,0,https://www.dr.dk/nyheder/politik/kommunalvalg/din-stemmeseddel/kandidater/kommune/9425-christian-erdmann
9426,Claus Franck,I,Københavns Kommune,,,,,,5,0,https://www.dr.dk/nyheder/politik/kommunalvalg/din-stemmeseddel/kandidater/kommune/9426-claus-franck
9427,Poul R. Johansen,I,Københavns Kommune,,,,,,5,0,https://www.dr.dk/nyheder/politik/kommunalvalg/din-stemmeseddel/kandidater/kommune/9427-poul-r-johansen
9421,Klaus Trier Tuxen,J,Københavns Kommune,Erhvervsuddannelse,København V,,,https://www.facebook.com/klaus.t.tuxen,3,4,https://www.dr.dk/nyheder/politik/kommunalvalg/din-stemmeseddel/kandidater/kommune/9421-klaus-trier-tuxen
7474,Jesper Housgaard,K,Københavns Kommune,Erhvervsuddannelse,København - Nørrebro,,,"//instagram.com/Jesper_Housgaard_KD, https://www.facebook.com/jesper.petersen.5055",3,4,https://www.dr.dk/nyheder/politik/kommunalvalg/din-stemmeseddel/kandidater/kommune/7474-jesper-housgaard
7475,Sofie Amalie Elkjær,K,Københavns Kommune,Bachelor-/diplomuddannelse,København,,,https://www.instagram.com/sofieamalieelkjaer/,2,4,https://www.dr.dk/nyheder/politik/kommunalvalg/din-stemmeseddel/kandidater/kommune/7475-sofie-amalie-elkjaer
7477,Jesper Truelsen,K,Københavns Kommune,Erhvervsuddannelse,København Ø,,,,3,4,https://www.dr.dk/nyheder/politik/kommunalvalg/din-stemmeseddel/kandidater/kommune/7477-jesper-truelsen
8835,Bess Serner-Pedersen,K,Københavns Kommune,Kandidat-/masteruddannelse,København S,,,,3,4,https://www.dr.dk/nyheder/politik/kommunalvalg/din-stemmeseddel/kandidater/kommune/8835-bess-serner-pedersen
9428,Pelle Jandrup,L,Københavns Kommune,,,,,,5,0,https://www.dr.dk/nyheder/politik/kommunalvalg/din-stemmeseddel/kandidater/kommune/9428-pelle-jandrup
9429,Jesper Balle,L,Københavns Kommune,Bachelor-/diplomuddannelse,København,,,https://www.facebook.com/profile.php?id=61579625883717,3,4,https://www.dr.dk/nyheder/politik/kommunalvalg/din-stemmeseddel/kandidater/kommune/9429-jesper-balle
9430,Elsebeth Wehage,L,Københavns Kommune,,,,,,5,0,https://www.dr.dk/nyheder/politik/kommunalvalg/din-stemmeseddel/kandidater/kommune/9430-elsebeth-wehage
9431,Birthe Sørensen,L,Københavns Kommune,,,,,,5,0,https://www.dr.dk/nyheder/politik/kommunalvalg/din-stemmeseddel/kandidater/kommune/9431-birthe-soerensen
4188,Ellen Emilie,M,Københavns Kommune,Bachelor-/diplomuddannelse,København,,,"https://www.instagram.com/ellenemilie_/, https://www.facebook.com/profile.php?id=100008605150225, https://www.twitter.com/EllenEmilie_/",3,4,https://www.dr.dk/nyheder/politik/kommunalvalg/din-stemmeseddel/kandidater/kommune/4188-ellen-emilie
4189,Dorthe Beck-Nyling,M,Københavns Kommune,,,,,,3,0,https://www.dr.dk/nyheder/politik/kommunalvalg/din-stemmeseddel/kandidater/kommune/4189-dorthe-roenhof-beck-nyling
4187,Kim Laursen,M,Københavns Kommune,Kandidat-/masteruddannelse,København Ø,,,"https://www.instagram.com/kimlaursenofficial?fbclid=IwY2xjawNP0OtleHRuA2FlbQIxMABicmlkETFMblBEUHk2VmVac0Q5ZnBSAR6LB211zpxtWID0YaJHovm5Xq8CBDqZQevK9xWWTuD5LgcUgHvgHADde7fwUg_aem_iCl_2i-dqSRWO3thbD2hdw, https://www.facebook.com/profile.php?id=61558806331754, https://x.com/_KimLaursen",3,4,https://www.dr.dk/nyheder/politik/kommunalvalg/din-stemmeseddel/kandidater/kommune/4187-kim-laursen
4186,Thomas Sichelkow,M,Københavns Kommune,Kandidat-/masteruddannelse,Brønshøj,,,"https://www.instagram.com/thomassichelkow/, https://www.facebook.com/thomassichelkowkv25",3,4,https://www.dr.dk/nyheder/politik/kommunalvalg/din-stemmeseddel/kandidater/kommune/4186-thomas-sichelkow
4181,Andreas Raben,M,Københavns Kommune,Bachelor-/diplomuddannelse,København,,,"https://www.instagram.com/andreasraben/, https://www.facebook.com/profile.php?id=61565763444925",3,4,https://www.dr.dk/nyheder/politik/kommunalvalg/din-stemmeseddel/kandidater/kommune/4181-andreas-raben
4184,Anders Axelsen,M,Københavns Kommune,Kandidat-/masteruddannelse,København K,,,,3,4,https://www.dr.dk/nyheder/politik/kommunalvalg/din-stemmeseddel/kandidater/kommune/4184-anders-axelsen
4183,Nico Blier-Silvestri,M,Københavns Kommune,,Copenhagen 2300,,,https://www.linkedin.com/in/nicoblier/,2,0,https://www.dr.dk/nyheder/politik/kommunalvalg/din-stemmeseddel/kandidater/kommune/4183-nicolas-blier-silvestri
8845,Simon Boje Groth,M,Københavns Kommune,Kandidat-/masteruddannelse,København,,,,3,4,https://www.dr.dk/nyheder/politik/kommunalvalg/din-stemmeseddel/kandidater/kommune/8845-simon-boje-groth
8847,Asger Hagelund,M,Københavns Kommune,Kandidat-/masteruddannelse,København,,,https://www.facebook.com/asger.hagelund,2,4,https://www.dr.dk/nyheder/politik/kommunalvalg/din-stemmeseddel/kandidater/kommune/8847-asger-hagelund
8844,Casper Hedegaard,M,Københavns Kommune,Kandidat-/masteruddannelse,Amagerbro,,,"https://www.instagram.com/casper_hedegaard_/, https://www.facebook.com/casperkarup",3,4,https://www.dr.dk/nyheder/politik/kommunalvalg/din-stemmeseddel/kandidater/kommune/8844-casper-hedegaard
9413,Michaell Ravn,N,Københavns Kommune,,,,,,5,4,https://www.dr.dk/nyheder/politik/kommunalvalg/din-stemmeseddel/kandidater/kommune/9413-michaell-ravn
9414,Lave Knud Broch,N,Københavns Kommune,Kandidat-/masteruddannelse,København (og pendler til Bornholm hver uge),,,"https://www.instagram.com/lavebornholm/, https://www.facebook.com/lavekbroch/",3,4,https://www.dr.dk/nyheder/politik/kommunalvalg/din-stemmeseddel/kandidater/kommune/9414-lave-knud-broch
272,Mikkel Bjørn,O,Københavns Kommune,Bachelor-/diplomuddannelse,København Syd,,,"https://www.instagram.com/mikkelbjornson/, https://www.facebook.com/MikkelBiorn/, https://www.twitter.com/Mikkel_Bjorn",3,4,https://www.dr.dk/nyheder/politik/kommunalvalg/din-stemmeseddel/kandidater/kommune/272-mikkel-bjoern
252,Christian Bülow,O,Københavns Kommune,Bachelor-/diplomuddannelse,København SV,,,"https://www.instagram.com/christian_bulow/?hl=da, https://www.facebook.com/ChristianBulowDF/?locale=da_DK",5,4,https://www.dr.dk/nyheder/politik/kommunalvalg/din-stemmeseddel/kandidater/kommune/252-christian-bulow
260,Lars Vestergaard,O,Københavns Kommune,Kandidat-/masteruddannelse,København,,,https://www.facebook.com/LVestergaardDF,3,4,https://www.dr.dk/nyheder/politik/kommunalvalg/din-stemmeseddel/kandidater/kommune/260-lars-vestergaard
263,Lise de Molade,O,Københavns Kommune,,,,,,3,0,https://www.dr.dk/nyheder/politik/kommunalvalg/din-stemmeseddel/kandidater/kommune/263-lise-de-molade
255,Jesper Pedersen,O,Københavns Kommune,Kandidat-/masteruddannelse,København,,,,3,4,https://www.dr.dk/nyheder/politik/kommunalvalg/din-stemmeseddel/kandidater/kommune/255-jesper-hjuler-pedersen
254,Ivan Hemmingsen,O,Københavns Kommune,,København,,,,2,4,https://www.dr.dk/nyheder/politik/kommunalvalg/din-stemmeseddel/kandidater/kommune/254-ivan-hemmingsen
261,Laust Andersen,O,Københavns Kommune,,,,,,5,0,https://www.dr.dk/nyheder/politik/kommunalvalg/din-stemmeseddel/kandidater/kommune/261-laust-andersen
9411,Simone Pi Wagner Christensen,O,Københavns Kommune,,,,,,5,0,https://www.dr.dk/nyheder/politik/kommunalvalg/din-stemmeseddel/kandidater/kommune/9411-simone-pi-wagner-christensen
9412,Søren Bjerg Nielsen,O,Københavns Kommune,,,,,,5,0,https://www.dr.dk/nyheder/politik/kommunalvalg/din-stemmeseddel/kandidater/kommune/9412-soeren-bjerg-nielsen
258,Kirsten Berthelsen,O,Københavns Kommune,,,,,,5,0,https://www.dr.dk/nyheder/politik/kommunalvalg/din-stemmeseddel/kandidater/kommune/258-kirsten-berthelsen
9405,Rikke G. F. Carlsson,P,Københavns Kommune,Erhvervsuddannelse,København S,,,//Https://www.facebook.com/kommunisterne/,3,4,https://www.dr.dk/nyheder/politik/kommunalvalg/din-stemmeseddel/kandidater/kommune/9405-rikke-g-f-carlsson
9406,Sine Bilfeldt,P,Københavns Kommune,Bachelor-/diplomuddannelse,København Ø,,,https://www.facebook.com/signe.bilfeldt.3,2,4,https://www.dr.dk/nyheder/politik/kommunalvalg/din-stemmeseddel/kandidater/kommune/9406-sine-bilfeldt
9407,Lars Emanuel,P,Københavns Kommune,,,,,,3,4,https://www.dr.dk/nyheder/politik/kommunalvalg/din-stemmeseddel/kandidater/kommune/9407-lars-emanuel
9408,Elsebeth Kaufholz,P,Københavns Kommune,Erhvervsuddannelse,lejlighed i NordVest,,,,3,4,https://www.dr.dk/nyheder/politik/kommunalvalg/din-stemmeseddel/kandidater/kommune/9408-elsebeth-kaufholz
9409,Preben Flemming Fogelstrøm,P,Københavns Kommune,,,,,,5,0,https://www.dr.dk/nyheder/politik/kommunalvalg/din-stemmeseddel/kandidater/kommune/9409-preben-flemming-fogelstroem
9410,Steen Jørgensen,P,Københavns Kommune,,,,,,5,0,https://www.dr.dk/nyheder/politik/kommunalvalg/din-stemmeseddel/kandidater/kommune/9410-steen-joergensen
7550,Sikandar Siddique,Q,Københavns Kommune,Kandidat-/masteruddannelse,København N,,,"https://www.instagram.com/friegronne?igsh=MThsY3lyNDA1NGo2cA==, https://www.facebook.com/share/1CPbX1kH6f/",3,4,https://www.dr.dk/nyheder/politik/kommunalvalg/din-stemmeseddel/kandidater/kommune/7550-sikandar-siqqidue
7557,Laura Hjarvard Raaschou,Q,Københavns Kommune,Kandidat-/masteruddannelse,København S,,,"https://www.instagram.com/laurahraaschou?igsh=MWZ0ODRsa2Z6Z3g0bQ%3D%3D&utm_source=qr, https://www.facebook.com/share/1EU3sprJ4N/?mibextid=wwXIfr",3,4,https://www.dr.dk/nyheder/politik/kommunalvalg/din-stemmeseddel/kandidater/kommune/7557-laura-hjarvard-raaschou
7555,Elise Bjerkrheim,Q,Københavns Kommune,Kandidat-/masteruddannelse,København Ø,,,"https://www.instagram.com/elisebjerkrheim, https://www.facebook.com/elise.bjerkrheim",3,4,https://www.dr.dk/nyheder/politik/kommunalvalg/din-stemmeseddel/kandidater/kommune/7555-elise-bjerkrheim
7556,Rajesh Holmen,Q,Københavns Kommune,Kandidat-/masteruddannelse,København,,,"//www.instagram.com/rajesh.holmen/, //www.facebook.com/rajesh.lillebaek.holmen",3,4,https://www.dr.dk/nyheder/politik/kommunalvalg/din-stemmeseddel/kandidater/kommune/7556-rajesh-holmen
7552,Asham Agha Nadeem,Q,Københavns Kommune,Kandidat-/masteruddannelse,København,,,"https://www.instagram.com/asham_agha_nadeem, https://www.facebook.com/ashamaghanadeem",3,4,https://www.dr.dk/nyheder/politik/kommunalvalg/din-stemmeseddel/kandidater/kommune/7552-asham-agha-nadeem
7559,Rashid Ali,Q,Københavns Kommune,Bachelor-/diplomuddannelse,København,,,"https://www.instagram.com/rashidalifg/, https://www.facebook.com/rashidali/",3,4,https://www.dr.dk/nyheder/politik/kommunalvalg/din-stemmeseddel/kandidater/kommune/7559-rashid-ali
7558,Hamid El Mousti,Q,Københavns Kommune,Bachelor-/diplomuddannelse,København K,,,,3,4,https://www.dr.dk/nyheder/politik/kommunalvalg/din-stemmeseddel/kandidater/kommune/7558-hamid-el-mousti
7551,Jasmin Kaur,Q,Københavns Kommune,Kandidat-/masteruddannelse,København,,,"https://www.instagram.com/jasminkaur_q, https://www.facebook.com/profile.php?id=100086295671745",3,4,https://www.dr.dk/nyheder/politik/kommunalvalg/din-stemmeseddel/kandidater/kommune/7551-jasmin-kaur
7553,Daniel Tomicic,Q,Københavns Kommune,Kandidat-/masteruddannelse,København,,,"https://www.instagram.com/danieltomic/, https://www.facebook.com/share/1BceYEJRWM/?mibextid=wwXIfr",3,4,https://www.dr.dk/nyheder/politik/kommunalvalg/din-stemmeseddel/kandidater/kommune/7553-daniel-tomicic
7554,Signe Vad,Q,Københavns Kommune,,København,,,https://www.facebook.com/signe.vad,3,4,https://www.dr.dk/nyheder/politik/kommunalvalg/din-stemmeseddel/kandidater/kommune/7554-signe-vad
7560,Chanett Nguyen,Q,Københavns Kommune,,,,,,5,4,https://www.dr.dk/nyheder/politik/kommunalvalg/din-stemmeseddel/kandidater/kommune/7560-chanette-nguyen
7666,Brian O'Brien Grønvold,R,Københavns Kommune,Kandidat-/masteruddannelse,Ørestad,,,,3,4,https://www.dr.dk/nyheder/politik/kommunalvalg/din-stemmeseddel/kandidater/kommune/7666-brian-obrien-groenvold
7667,Jan Mathisen,R,Københavns Kommune,Erhvervsuddannelse,Sydhavnen,,,"https://www.instagram.com/mathisenjan/, https://www.facebook.com/Jan.Mathisen.KommunistiskParti/",3,4,https://www.dr.dk/nyheder/politik/kommunalvalg/din-stemmeseddel/kandidater/kommune/7667-jan-mathisen
7668,Rune Jørgensen,R,Københavns Kommune,Kandidat-/masteruddannelse,København Ø,,,,3,4,https://www.dr.dk/nyheder/politik/kommunalvalg/din-stemmeseddel/kandidater/kommune/7668-rune-joergensen
7669,Kris Rønne,R,Københavns Kommune,Erhvervsuddannelse,Husum,,,https://www.facebook.com/profile.php?id=100072204724909,3,4,https://www.dr.dk/nyheder/politik/kommunalvalg/din-stemmeseddel/kandidater/kommune/7669-kris-roenne
7670,Rosa Mørch Jørgensen,R,Københavns Kommune,Bachelor-/diplomuddannelse,Sydhavnen,,,"https://www.instagram.com/kommunistiskparti_kbh/, https://www.facebook.com/kbh.kommunister.dk",3,4,https://www.dr.dk/nyheder/politik/kommunalvalg/din-stemmeseddel/kandidater/kommune/7670-rosa-moerch-joergensen
7671,Hans Skou,R,Københavns Kommune,Kandidat-/masteruddannelse,København N,,,,3,4,https://www.dr.dk/nyheder/politik/kommunalvalg/din-stemmeseddel/kandidater/kommune/7671-hans-skou
9423,Lin Mortensen,R,Københavns Kommune,,,,,,5,0,https://www.dr.dk/nyheder/politik/kommunalvalg/din-stemmeseddel/kandidater/kommune/9423-lin-mortensen
7672,Elias Haack,R,Københavns Kommune,,København N,,,,3,0,https://www.dr.dk/nyheder/politik/kommunalvalg/din-stemmeseddel/kandidater/kommune/7672-elias-haack
7673,Marc B. Sanganee,R,Københavns Kommune,Kandidat-/masteruddannelse,Amager,,,"https://www.instagram.com/sanganee.musik/, https://www.facebook.com/SanganeeMC/",3,4,https://www.dr.dk/nyheder/politik/kommunalvalg/din-stemmeseddel/kandidater/kommune/7673-marc-b-sanganee
7674,Christian Nielsen,R,Københavns Kommune,,,,,,5,4,https://www.dr.dk/nyheder/politik/kommunalvalg/din-stemmeseddel/kandidater/kommune/7674-christian-nielsen
7675,Julien Albert Sølling,R,Københavns Kommune,Erhvervsuddannelse,Sydhavn,,,,3,4,https://www.dr.dk/nyheder/politik/kommunalvalg/din-stemmeseddel/kandidater/kommune/7675-julien-albert-soelling
7676,Alma Schifter Lorenzen,R,Københavns Kommune,,,,,,5,0,https://www.dr.dk/nyheder/politik/kommunalvalg/din-stemmeseddel/kandidater/kommune/7676-alma-schifter-lorentzen
9432,Troels Chr. Jakobsen,T,Københavns Kommune,Bachelor-/diplomuddannelse,Brønshøj-Husum,,,"https://www.instagram.com/troelschr.jakobsen/, https://www.facebook.com/tcjakobsen/",3,4,https://www.dr.dk/nyheder/politik/kommunalvalg/din-stemmeseddel/kandidater/kommune/9432-troels-chr-jakobsen
9433,Terese Vangstrup,T,Københavns Kommune,Kandidat-/masteruddannelse,København Vesterbro,,,"https://www.instagram.com/terese_vangstrup/, https://www.facebook.com/caroline.vangstrup",3,4,https://www.dr.dk/nyheder/politik/kommunalvalg/din-stemmeseddel/kandidater/kommune/9433-terese-vangstrup
9434,Anders Stjernholm,T,Københavns Kommune,Bachelor-/diplomuddannelse,København K,,,"https://www.instagram.com/andersstjernholm/, https://www.facebook.com/anders.stjernholm.offentlig/",3,4,https://www.dr.dk/nyheder/politik/kommunalvalg/din-stemmeseddel/kandidater/kommune/9434-anders-stjernholm
9435,Linda Gonzalez,T,Københavns Kommune,Seminaruddannelse,København NV,,,"https://www.instagram.com/_lallopat_/, https://www.facebook.com/LaLindaDK",3,4,https://www.dr.dk/nyheder/politik/kommunalvalg/din-stemmeseddel/kandidater/kommune/9435-linda-gonzalez
9436,Tobias Gregory,T,Københavns Kommune,,,,,,5,0,https://www.dr.dk/nyheder/politik/kommunalvalg/din-stemmeseddel/kandidater/kommune/9436-tobias-gregory
9437,Bjarne Sinkjær,T,Københavns Kommune,Bachelor-/diplomuddannelse,København SV,,,https://www.facebook.com/profile.php?id=61579758038458,3,4,https://www.dr.dk/nyheder/politik/kommunalvalg/din-stemmeseddel/kandidater/kommune/9437-bjarne-sinkjaer
9438,Jens Christian Storgaard,T,Københavns Kommune,Kandidat-/masteruddannelse,København,,,,3,4,https://www.dr.dk/nyheder/politik/kommunalvalg/din-stemmeseddel/kandidater/kommune/9438-jens-christian-storgaard
9439,Gitte Kirkeby,T,Københavns Kommune,Kandidat-/masteruddannelse,Brønshøj,,,,5,4,https://www.dr.dk/nyheder/politik/kommunalvalg/din-stemmeseddel/kandidater/kommune/9439-gitte-kirkeby
9415,Anette Thaulow,U,Københavns Kommune,,,,,,5,0,https://www.dr.dk/nyheder/politik/kommunalvalg/din-stemmeseddel/kandidater/kommune/9415-anette-thaulow
2892,Jens-Kristian Lütken,V,Københavns Kommune,Kandidat-/masteruddannelse,København,,,"https://www.instagram.com/jklytken/?hl=da, https://www.facebook.com/jklytken/?locale=da_DK",3,4,https://www.dr.dk/nyheder/politik/kommunalvalg/din-stemmeseddel/kandidater/kommune/2892-jens-kristian-lutken
2898,Louise Theilade Thomsen,V,Københavns Kommune,Kandidat-/masteruddannelse,København,,,"https://www.instagram.com/louisethom/, https://www.facebook.com/LouiseTheiladeThomsen/",3,4,https://www.dr.dk/nyheder/politik/kommunalvalg/din-stemmeseddel/kandidater/kommune/2898-louise-theilade-thomsen
2902,Nicklas Petterson,V,Københavns Kommune,Kandidat-/masteruddannelse,Valby,,,"https://www.instagram.com/nicklaspetterson/, https://www.facebook.com/stempetterson",3,4,https://www.dr.dk/nyheder/politik/kommunalvalg/din-stemmeseddel/kandidater/kommune/2902-nicklas-petterson
2896,Kåre Traberg Smidt,V,Københavns Kommune,Kandidat-/masteruddannelse,København,,,"http://instagram.com/kaaretraberg, https://www.facebook.com/kaaretrabergsmidt, https://twitter.com/kaaretraberg",3,4,https://www.dr.dk/nyheder/politik/kommunalvalg/din-stemmeseddel/kandidater/kommune/2896-kaare-traberg-smidt
8568,Luna Solhave,V,Københavns Kommune,Kandidat-/masteruddannelse,København,,,"https://www.instagram.com/lunasolhave/, https://www.facebook.com/lunasolhave.dk/",3,4,https://www.dr.dk/nyheder/politik/kommunalvalg/din-stemmeseddel/kandidater/kommune/8568-luna-solhave
2888,Cille Egholm,V,Københavns Kommune,Kandidat-/masteruddannelse,København,,,"https://www.instagram.com/cilleegholm/, https://www.facebook.com/profile.php?id=61578033519588",3,4,https://www.dr.dk/nyheder/politik/kommunalvalg/din-stemmeseddel/kandidater/kommune/2888-cille-hald-egholm
2891,Heidi Wang,V,Københavns Kommune,Kandidat-/masteruddannelse,København Ø,,,"https://www.instagram.com/heidiwangdk/, https://www.facebook.com/heidiwangdk",3,4,https://www.dr.dk/nyheder/politik/kommunalvalg/din-stemmeseddel/kandidater/kommune/2891-heidi-wang
2889,Claus Buch,V,Københavns Kommune,Erhvervsuddannelse,København NV,,,"https://www.instagram.com/clausbuch1972, https://www.facebook.com/claus.buch.1972",3,4,https://www.dr.dk/nyheder/politik/kommunalvalg/din-stemmeseddel/kandidater/kommune/2889-claus-buch
2905,Zeynep Bardakci,V,Københavns Kommune,,,,,,3,4,https://www.dr.dk/nyheder/politik/kommunalvalg/din-stemmeseddel/kandidater/kommune/2905-zeynep-bardakci
2893,Johan Alsøe,V,Københavns Kommune,Kandidat-/masteruddannelse,København,,,https://www.instagram.com/johan_alsoe?igsh=am5uOXI0NDR5dWU4,3,4,https://www.dr.dk/nyheder/politik/kommunalvalg/din-stemmeseddel/kandidater/kommune/2893-johan-alsoee
2884,Ane Storm,V,Københavns Kommune,Kandidat-/masteruddannelse,København Ø,,,"https://www.instagram.com/anestorm.kbh/, https://www.facebook.com/ane.s.ry",3,4,https://www.dr.dk/nyheder/politik/kommunalvalg/din-stemmeseddel/kandidater/kommune/2884-ane-storm
2883,Anders Fausbøll,V,Københavns Kommune,Ph.d.-uddannelse,"København, Islands Brygge",,,"https://www.instagram.com/andersfausboll, https://www.facebook.com/FausbollPolitik, https://twitter.com/fausboll",3,4,https://www.dr.dk/nyheder/politik/kommunalvalg/din-stemmeseddel/kandidater/kommune/2883-anders-fausboell
2900,Marianne Moegreen,V,Københavns Kommune,Bachelor-/diplomuddannelse,København S,,,https://www.facebook.com/MoegreenPolitik,3,4,https://www.dr.dk/nyheder/politik/kommunalvalg/din-stemmeseddel/kandidater/kommune/2900-marianne-moegreen
2904,Torben Skytte Raahede,V,Københavns Kommune,Kandidat-/masteruddannelse,København K,,,"https://www.instagram.com/eksempel/TorbenSkytteRaahede, https://www.facebook.com/torben.s.raahede?locale=da_DK",3,4,https://www.dr.dk/nyheder/politik/kommunalvalg/din-stemmeseddel/kandidater/kommune/2904-torben-skytte-raahede
8497,Thomas Bak,V,Københavns Kommune,,København Ø,,,,5,4,https://www.dr.dk/nyheder/politik/kommunalvalg/din-stemmeseddel/kandidater/kommune/8497-thomas-bak-nielsen
2901,Mostafa M. Zaarab,V,Københavns Kommune,,København NV,,,"https://www.instagram.com/mostafazaarab?igsh=bmV3Z3NvZGp0eGdi, https://www.facebook.com/share/178XSsE64s/",3,4,https://www.dr.dk/nyheder/politik/kommunalvalg/din-stemmeseddel/kandidater/kommune/2901-mostafa-zaarab
2890,Claus Ljungberg Jørgensen,V,Københavns Kommune,Kandidat-/masteruddannelse,København S,,,"https://www.instagram.com/clausljungbergjorgensen/, https://www.facebook.com/profile.php?id=61580261684322",3,4,https://www.dr.dk/nyheder/politik/kommunalvalg/din-stemmeseddel/kandidater/kommune/2890-claus-ljungberg-joergensen
2897,Lena Holm Jensen Lindskog,V,Københavns Kommune,Kandidat-/masteruddannelse,København,,,,3,4,https://www.dr.dk/nyheder/politik/kommunalvalg/din-stemmeseddel/kandidater/kommune/2897-lena-holm-jensen
2887,Bent Christoffersen,V,Københavns Kommune,,København - Christianshavn,,,,5,4,https://www.dr.dk/nyheder/politik/kommunalvalg/din-stemmeseddel/kandidater/kommune/2887-bent-christoffersen
2894,Jonas Bøssing Nielsen,V,Københavns Kommune,Kandidat-/masteruddannelse,Valby,,,,3,4,https://www.dr.dk/nyheder/politik/kommunalvalg/din-stemmeseddel/kandidater/kommune/2894-jonas-nielsen
2895,Jóhannes Miðskarð,V,Københavns Kommune,Ph.d.-uddannelse,Ørestad Syd,,,https://www.facebook.com/profile.php?id=61559693714081,3,4,https://www.dr.dk/nyheder/politik/kommunalvalg/din-stemmeseddel/kandidater/kommune/2895-johannes-midskard
2885,Anna-Cecilie Mandrup,V,Københavns Kommune,,,,,,5,0,https://www.dr.dk/nyheder/politik/kommunalvalg/din-stemmeseddel/kandidater/kommune/2885-anna-cecilie-mandrup-mogensen
8513,Bjarke Kværnø,V,Københavns Kommune,,,,,,5,0,https://www.dr.dk/nyheder/politik/kommunalvalg/din-stemmeseddel/kandidater/kommune/8513-bjarke-kvaernoe
2899,Margot Riis,V,Københavns Kommune,Kandidat-/masteruddannelse,København K,,,,2,4,https://www.dr.dk/nyheder/politik/kommunalvalg/din-stemmeseddel/kandidater/kommune/2899-margot-riis
2886,Asbjørn Meier,V,Københavns Kommune,Gymnasial uddannelse,København,,,https://www.instagram.com/asbjornmeierpolitiker,3,4,https://www.dr.dk/nyheder/politik/kommunalvalg/din-stemmeseddel/kandidater/kommune/2886-asbjoern-meier
8588,Oksana Gjermstad,V,Københavns Kommune,Kandidat-/masteruddannelse,København S,,,https://www.facebook.com/GjermstadPolitik/,3,4,https://www.dr.dk/nyheder/politik/kommunalvalg/din-stemmeseddel/kandidater/kommune/8588-oksana-gjermstad
8578,Michael Strand,V,Københavns Kommune,,,,,,5,0,https://www.dr.dk/nyheder/politik/kommunalvalg/din-stemmeseddel/kandidater/kommune/8578-michael-strand
8579,Mikael Freitag,V,Københavns Kommune,Bachelor-/diplomuddannelse,København (Ørestad),,,"https://www.instagram.com/mikael.freitag/, https://www.facebook.com/lord.freitag, https://www.linkedin.com/in/mikael-freitag-pedersen-3793691b8/",3,4,https://www.dr.dk/nyheder/politik/kommunalvalg/din-stemmeseddel/kandidater/kommune/8579-mikael-freitag-pedersen
8575,Malue Henriksen,V,Københavns Kommune,Kandidat-/masteruddannelse,Valby,,,,3,4,https://www.dr.dk/nyheder/politik/kommunalvalg/din-stemmeseddel/kandidater/kommune/8575-malue-henriksen
8562,Kristian Nielsen,V,Københavns Kommune,Bachelor-/diplomuddannelse,Valby,,,,3,4,https://www.dr.dk/nyheder/politik/kommunalvalg/din-stemmeseddel/kandidater/kommune/8562-kristian-nielsen
9419,Khalid Al-Subaihi,Y,Københavns Kommune,,,,,,5,0,https://www.dr.dk/nyheder/politik/kommunalvalg/din-stemmeseddel/kandidater/kommune/9419-khalid-al-subaihi
9420,Sander Pennerup,Y,Københavns Kommune,Erhvervsuddannelse,København,,,"https://www.instagram.com/sander.pennerup, https://www.facebook.com/SanderPennerupkv25, //www.x.com/sanderpennerup",5,4,https://www.dr.dk/nyheder/politik/kommunalvalg/din-stemmeseddel/kandidater/kommune/9420-sander-pennerup
9440,Stig Jørgensen,Z,Københavns Kommune,Kandidat-/masteruddannelse,"Islands Brygge, København",,,"https://www.instagram.com/stigstigstig, https://www.facebook.com/stig.jorgensen, https://www.x.com/whostig",3,4,https://www.dr.dk/nyheder/politik/kommunalvalg/din-stemmeseddel/kandidater/kommune/9440-stig-joergensen
6854,Kasper Cederholm,Æ,Københavns Kommune,Erhvervsuddannelse,København S,,,https://www.facebook.com/share/1CgssBi7wk/?mibextid=wwXIfr,3,4,https://www.dr.dk/nyheder/politik/kommunalvalg/din-stemmeseddel/kandidater/kommune/6854-kasper-cederholm
7201,Martin Sibast,Æ,Københavns Kommune,Kandidat-/masteruddannelse,KØBENHAVN Ø,,,"https://www.instagram.com/martinsibast/, https://www.facebook.com/MartinSibastLaugesenLA/, https://www.linkedin.com/in/martinsibastlaugesen/",3,4,https://www.dr.dk/nyheder/politik/kommunalvalg/din-stemmeseddel/kandidater/kommune/7201-martin-laugesen
7050,Jan-Erik Olsen,Æ,Københavns Kommune,,,,,,5,4,https://www.dr.dk/nyheder/politik/kommunalvalg/din-stemmeseddel/kandidater/kommune/7050-jan-erik-olsen
1591,Line Barfod,Ø,Københavns Kommune,Kandidat-/masteruddannelse,København på Nørrebro,,,"https://www.instagram.com/line.barfod/, https://www.facebook.com/profile.php?id=61556070423256",3,4,https://www.dr.dk/nyheder/politik/kommunalvalg/din-stemmeseddel/kandidater/kommune/1591-line-barfod
1592,Karina Vestergård Madsen,Ø,Københavns Kommune,Kandidat-/masteruddannelse,København,,,"https://www.instagram.com/karinavestergard/, https://www.facebook.com/profile.php?id=61567375787224",3,4,https://www.dr.dk/nyheder/politik/kommunalvalg/din-stemmeseddel/kandidater/kommune/1592-karina-vestergaard-madsen
1593,Gorm Anker Gunnarsen,Ø,Københavns Kommune,Ph.d.-uddannelse,København,,,https://m.facebook.com/gorm.gunnarsen/?,3,4,https://www.dr.dk/nyheder/politik/kommunalvalg/din-stemmeseddel/kandidater/kommune/1593-gorm-anker-gunnarsen
1594,Klaus Goldschmidt Henriksen,Ø,Københavns Kommune,Seminaruddannelse,København SV,,,"https://www.instagram.com/henriksen.klaus, https://www.facebook.com/KlausGoldschmidtHenriksenNY, https://www.twitter.com/@KlausGHenryksen",3,4,https://www.dr.dk/nyheder/politik/kommunalvalg/din-stemmeseddel/kandidater/kommune/1594-klaus-goldschmidt-henriksen
1595,Charlotte Lund,Ø,Københavns Kommune,Kandidat-/masteruddannelse,Vanløse,,,"https://www.instagram.com/charlottelunddi/, https://www.facebook.com/charlottelund82kjyj",3,4,https://www.dr.dk/nyheder/politik/kommunalvalg/din-stemmeseddel/kandidater/kommune/1595-charlotte-lund
1596,Mikkel Skovgaard,Ø,Københavns Kommune,Kandidat-/masteruddannelse,Nordvest,,,"https://www.instagram.com/mikkskovgaard/, https://www.facebook.com/mikkel.skovgaard.hansen",3,4,https://www.dr.dk/nyheder/politik/kommunalvalg/din-stemmeseddel/kandidater/kommune/1596-mikkel-skovgaard
1597,Knud Holt Nielsen,Ø,Københavns Kommune,Ph.d.-uddannelse,København V,,,https://www.facebook.com/KnudHoltNielsen,3,4,https://www.dr.dk/nyheder/politik/kommunalvalg/din-stemmeseddel/kandidater/kommune/1597-knud-holt-nielsen
1598,Emma Bach,Ø,Københavns Kommune,Kandidat-/masteruddannelse,København NV,,,"https://www.instagram.com/emmabach.ehl/, https://www.facebook.com/EmmaBachEL",3,4,https://www.dr.dk/nyheder/politik/kommunalvalg/din-stemmeseddel/kandidater/kommune/1598-emma-steffensen-bach
1599,Shukri Hamda Dol,Ø,Københavns Kommune,Kandidat-/masteruddannelse,Sydhavnen,,,"https://www.instagram.com/shukri.doll/?__d=1%3Futm_source%3Dig_embed, https://www.facebook.com/share/1CyJUbRPTh/?mibextid=wwXIfr",3,4,https://www.dr.dk/nyheder/politik/kommunalvalg/din-stemmeseddel/kandidater/kommune/1599-shukri-dol
1600,Günay Usta,Ø,Københavns Kommune,Bachelor-/diplomuddannelse,København,,,"https://www.instagram.com/gunayusta/, https://www.facebook.com/usta.gunay, https://twitter.com/gunayusta_dk",3,4,https://www.dr.dk/nyheder/politik/kommunalvalg/din-stemmeseddel/kandidater/kommune/1600-gunay-usta
1601,Frederik Kronborg,Ø,Københavns Kommune,Kandidat-/masteruddannelse,København,,,"https://www.instagram.com/fwkronborg/, https://www.facebook.com/fwkronborg",3,4,https://www.dr.dk/nyheder/politik/kommunalvalg/din-stemmeseddel/kandidater/kommune/1601-frederik-kronborg
1602,Katrine Hassenkam,Ø,Københavns Kommune,Kandidat-/masteruddannelse,København,,,"https://www.instagram.com/katrinehassenkam, https://www.facebook.com/katrine.zoref",3,4,https://www.dr.dk/nyheder/politik/kommunalvalg/din-stemmeseddel/kandidater/kommune/1602-katrine-hassenkam-zoref
1603,Thomas Egholm,Ø,Københavns Kommune,,København V,,,//www.facebook.com/thomas.egholm.9,5,4,https://www.dr.dk/nyheder/politik/kommunalvalg/din-stemmeseddel/kandidater/kommune/1603-thomas-egholm
1604,Amran Daahir Hassan,Ø,Københavns Kommune,Kandidat-/masteruddannelse,Sydhavn,,,"https://www.instagram.com/amrandhassan, https://www.facebook.com/amse.hassan",3,4,https://www.dr.dk/nyheder/politik/kommunalvalg/din-stemmeseddel/kandidater/kommune/1604-amran-daahir-hassan
1605,Jean Thierry,Ø,Københavns Kommune,Kandidat-/masteruddannelse,"Bispeparken, København NV",,,https://www.facebook.com/jean.thierry.18/,3,4,https://www.dr.dk/nyheder/politik/kommunalvalg/din-stemmeseddel/kandidater/kommune/1605-jean-thierry
1606,Ella Wiberg,Ø,Københavns Kommune,Bachelor-/diplomuddannelse,København,,,"https://www.instagram.com/_ella_wiberg_/, https://www.facebook.com/ella.wiberg.7",3,4,https://www.dr.dk/nyheder/politik/kommunalvalg/din-stemmeseddel/kandidater/kommune/1606-ella-kirstine-wiberg
1607,Stine Finné Toft,Ø,Københavns Kommune,Kandidat-/masteruddannelse,København K,,,https://www.instagram.com/stine.toft/,3,4,https://www.dr.dk/nyheder/politik/kommunalvalg/din-stemmeseddel/kandidater/kommune/1607-stine-finne-toft
1608,Bente Møller,Ø,Københavns Kommune,Bachelor-/diplomuddannelse,Andelsbolig i Husum,,,,3,4,https://www.dr.dk/nyheder/politik/kommunalvalg/din-stemmeseddel/kandidater/kommune/1608-bente-moeller
1609,Jonas Heidari,Ø,Københavns Kommune,Kandidat-/masteruddannelse,Indre By,,,https://www.instagram.com/jonasheidari/,3,4,https://www.dr.dk/nyheder/politik/kommunalvalg/din-stemmeseddel/kandidater/kommune/1609-jonas-heidari
1610,Maria Sofie Petersen,Ø,Københavns Kommune,Bachelor-/diplomuddannelse,København Nordvest,,,// https://www.instagram.com/petersenmariasofie/,3,4,https://www.dr.dk/nyheder/politik/kommunalvalg/din-stemmeseddel/kandidater/kommune/1610-maria-sofie-petersen
1611,Absalon Billehøj,Ø,Københavns Kommune,Bachelor-/diplomuddannelse,København,,,"https://www.instagram.com/absbillehoj/, https://www.facebook.com/absbillehoj",3,4,https://www.dr.dk/nyheder/politik/kommunalvalg/din-stemmeseddel/kandidater/kommune/1611-absalon-billehoej
8483,Ingrid Bo Rahbek,Ø,Københavns Kommune,Gymnasial uddannelse,København,,,https://www.instagram.com/ingridrahbek/,3,4,https://www.dr.dk/nyheder/politik/kommunalvalg/din-stemmeseddel/kandidater/kommune/8483-ingrid-bo-rahbek
9416,Malte Sauerland-Paulsen,Ø,Københavns Kommune,Kandidat-/masteruddannelse,Sydhavnen,,,,3,4,https://www.dr.dk/nyheder/politik/kommunalvalg/din-stemmeseddel/kandidater/kommune/9416-malte-sauerland-paulsen
9417,Reinout Bosch,Ø,Københavns Kommune,Kandidat-/masteruddannelse,Valby,,,,3,4,https://www.dr.dk/nyheder/politik/kommunalvalg/din-stemmeseddel/kandidater/kommune/9417-reinout-bosch
9418,Sidsel Boertmann Brüel,Ø,Københavns Kommune,Kandidat-/masteruddannelse,Valby,,,,3,4,https://www.dr.dk/nyheder/politik/kommunalvalg/din-stemmeseddel/kandidater/kommune/9418-sidsel-boertmann-bruel
4474,Karoline Lindgaard,Å,Københavns Kommune,Kandidat-/masteruddannelse,København,,,"https://www.instagram.com/karolinelindgaard?igsh=bDhmY2F3dW43aWF2&utm_source=qr, https://www.facebook.com/karoline.alternativet/",3,4,https://www.dr.dk/nyheder/politik/kommunalvalg/din-stemmeseddel/kandidater/kommune/4474-karoline-lindgaard
4475,Emil Sloth,Å,Københavns Kommune,Kandidat-/masteruddannelse,KØBENHAVN V,,,"https://www.instagram.com/emilslothandersen/, https://www.facebook.com/emil.slothandersen/",3,4,https://www.dr.dk/nyheder/politik/kommunalvalg/din-stemmeseddel/kandidater/kommune/4475-emil-sloth
4476,Birgitte Kehler Holst,Å,Københavns Kommune,Kandidat-/masteruddannelse,København,,,"https://www.instagram.com/birgittekehlerholst/, https://www.facebook.com/Birgittekehlerholstalt",3,4,https://www.dr.dk/nyheder/politik/kommunalvalg/din-stemmeseddel/kandidater/kommune/4476-birgitte-kehler-holst
4478,Søren B. Scott,Å,Københavns Kommune,Ph.d.-uddannelse,Nordvest,,,"https://www.instagram.com/sorenbscott/, https://www.facebook.com/profile.php?id=1223791834",3,4,https://www.dr.dk/nyheder/politik/kommunalvalg/din-stemmeseddel/kandidater/kommune/4478-soeren-scott
4477,Jiesper Tristan Pedersen,Å,Københavns Kommune,Ph.d.-uddannelse,København N,,,"https://www.instagram.com/jiespert/, https://www.facebook.com/jiesper.pedersen",3,4,https://www.dr.dk/nyheder/politik/kommunalvalg/din-stemmeseddel/kandidater/kommune/4477-jiesper-tristan
4482,Catharina Næsby Malkki,Å,Københavns Kommune,Erhvervsuddannelse,København,,,"https://www.instagram.com/catharina_alternativet?igsh=c2dhZXh4eHJna3hm&utm_source=qr, https://www.facebook.com/share/1jKAjghY9u/?mibextid=wwXIfr",3,4,https://www.dr.dk/nyheder/politik/kommunalvalg/din-stemmeseddel/kandidater/kommune/4482-catharina-naesby-malkki
4479,Mikkel Bahl,Å,Københavns Kommune,,København,,,"https://www.instagram.com/mikkelbahl/, https://www.facebook.com/mikkel.bahl",3,4,https://www.dr.dk/nyheder/politik/kommunalvalg/din-stemmeseddel/kandidater/kommune/4479-mikkel-bahl
4483,Johannes Erfurth,Å,Københavns Kommune,Kandidat-/masteruddannelse,København S,,,,3,4,https://www.dr.dk/nyheder/politik/kommunalvalg/din-stemmeseddel/kandidater/kommune/4483-johannes-holm-erfurth
4480,Martin Kjærulff,Å,Københavns Kommune,Gymnasial uddannelse,Københavns Kommune,,,"https://www.instagram.com/martin_kjaerulff/, https://www.facebook.com/martinkjaerulff/",3,4,https://www.dr.dk/nyheder/politik/kommunalvalg/din-stemmeseddel/kandidater/kommune/4480-martin-kjaerulf
4487,Jakob Ravn Karlsen,Å,Københavns Kommune,Bachelor-/diplomuddannelse,København N,,,,3,4,https://www.dr.dk/nyheder/politik/kommunalvalg/din-stemmeseddel/kandidater/kommune/4487-jakob-ravn-karlsen
4484,Per Fabricius Ramsing,Å,Københavns Kommune,Erhvervsuddannelse,København NV,,,,5,4,https://www.dr.dk/nyheder/politik/kommunalvalg/din-stemmeseddel/kandidater/kommune/4484-per-fabricius-ramsing
